Id	Degrees	Homophily	Rumor1	Rumor2
8	2	0.955	For many months, President Donald Trump, his White House staff and his personal attorneys, Michael Cohen and Rudy Giuliani, repeatedly made false, misleading and contradictory statements about illegal payments that were made during the 2016 campaign to silence two women who claimed to have extramarital affairs with Trump.	A photograph shows President Donald Trump with his wife Melania Trump and his alleged mistress Stormy Daniels.
18	3	0.893	For many months, President Donald Trump, his White House staff and his personal attorneys, Michael Cohen and Rudy Giuliani, repeatedly made false, misleading and contradictory statements about illegal payments that were made during the 2016 campaign to silence two women who claimed to have extramarital affairs with Trump.	U.S. President Donald Trump has been awarded the 2018 Nobel Peace Prize.
21	1	1.201	For many months, President Donald Trump, his White House staff and his personal attorneys, Michael Cohen and Rudy Giuliani, repeatedly made false, misleading and contradictory statements about illegal payments that were made during the 2016 campaign to silence two women who claimed to have extramarital affairs with Trump.	Virginia congressional candidate Nathan Larson admitted that he is a pedophile.
45	1	0.278	For many months, President Donald Trump, his White House staff and his personal attorneys, Michael Cohen and Rudy Giuliani, repeatedly made false, misleading and contradictory statements about illegal payments that were made during the 2016 campaign to silence two women who claimed to have extramarital affairs with Trump.	In a pair of early morning tweets, President Donald Trump rejected Puerto Rico’s official estimate of 2,975 hurricane-related deaths after Hurricane Maria and, in the process, made some false and misleading claims.
46	1	0.080	For many months, President Donald Trump, his White House staff and his personal attorneys, Michael Cohen and Rudy Giuliani, repeatedly made false, misleading and contradictory statements about illegal payments that were made during the 2016 campaign to silence two women who claimed to have extramarital affairs with Trump.	President Donald Trump on several occasions has taken credit for making Medicare “stronger.” In one instance, he said, “Medicare will be $700 billion stronger over the next decade thanks to our growth.” In fact, Medicare’s finances have worsened since he took office.
60	59	1.279	A video of President Donald Trump apparently struggling to get the words right while singing along with the national anthem proves that he doesn't know what they are.	A photograph shows President Donald Trump with his wife Melania Trump and his alleged mistress Stormy Daniels.
64	24	1.661	A video of President Donald Trump apparently struggling to get the words right while singing along with the national anthem proves that he doesn't know what they are.	President Donald Trump was using an anti-Semitic slur when he called NBC host Chuck Todd "sleepy eyes."
65	84	1.139	A video of President Donald Trump apparently struggling to get the words right while singing along with the national anthem proves that he doesn't know what they are.	U.S. President Donald Trump has been awarded the 2018 Nobel Peace Prize.
67	71	1.351	A video of President Donald Trump apparently struggling to get the words right while singing along with the national anthem proves that he doesn't know what they are.	Virginia congressional candidate Nathan Larson admitted that he is a pedophile.
70	18	1.440	A video of President Donald Trump apparently struggling to get the words right while singing along with the national anthem proves that he doesn't know what they are.	A Tennessee hardware store put up a sign reading "no gays allowed."
74	2	0.759	A video of President Donald Trump apparently struggling to get the words right while singing along with the national anthem proves that he doesn't know what they are.	While greeting North Korean dignitaries during his summit meeting with Chairman Kim Jong Un, President Trump returned the military salute of a North Korean general.
76	2	1.752	A video of President Donald Trump apparently struggling to get the words right while singing along with the national anthem proves that he doesn't know what they are.	In June 2018, members of the United Methodist Church brought church charges, including child abuse, against Attorney General Jeff Sessions.
77	1	1.187	A video of President Donald Trump apparently struggling to get the words right while singing along with the national anthem proves that he doesn't know what they are.	The Trump administration is paying Southwest Key $458 million to run immigrant child detention centers, and its CEO earns a $1.5 million salary.
80	1	1.381	A video of President Donald Trump apparently struggling to get the words right while singing along with the national anthem proves that he doesn't know what they are.	The Republican majority in the House Appropriations Committee voted to approve an amendment allowing taxpayer-funded adoption agencies to deny services to LGBTQ families.
90	1	1.643	Charles and Elizabeth Koch contributed nearly $500,000 to Paul Ryan’s fundraising committee after successfully passing the GOP tax plan in the United States House of Representatives.	A video of President Donald Trump apparently struggling to get the words right while singing along with the national anthem proves that he doesn't know what they are.
96	1	1.716	Charles and Elizabeth Koch contributed nearly $500,000 to Paul Ryan’s fundraising committee after successfully passing the GOP tax plan in the United States House of Representatives.	President Trump's daughter Ivanka has been fired from her position at the White House.
102	2	1.280	Charles and Elizabeth Koch contributed nearly $500,000 to Paul Ryan’s fundraising committee after successfully passing the GOP tax plan in the United States House of Representatives.	A photograph shows President Donald Trump with his wife Melania Trump and his alleged mistress Stormy Daniels.
114	9	1.059	Charles and Elizabeth Koch contributed nearly $500,000 to Paul Ryan’s fundraising committee after successfully passing the GOP tax plan in the United States House of Representatives.	U.S. President Donald Trump has been awarded the 2018 Nobel Peace Prize.
121	7	1.429	Charles and Elizabeth Koch contributed nearly $500,000 to Paul Ryan’s fundraising committee after successfully passing the GOP tax plan in the United States House of Representatives.	Virginia congressional candidate Nathan Larson admitted that he is a pedophile.
123	5	1.485	Charles and Elizabeth Koch contributed nearly $500,000 to Paul Ryan’s fundraising committee after successfully passing the GOP tax plan in the United States House of Representatives.	In June 2018, Ivanka Trump adopted the alias "Adrienne Vittadini" to market her fashion line to unwitting buyers.
218	1	2.873	Adam Schiff's sister Melissa was married to George Soros's son, Robert.	An "extreme snuff film" in which Hillary Clinton and aide Huma Abedin are seen raping and mutilating a prepubescent girl is circulating on the dark web under the code name "Frazzledrip."
220	1	0.998	Adam Schiff's sister Melissa was married to George Soros's son, Robert.	YETI told the NRA the brand no longer wishes to do business with the organization, demonstrating that YETI does not support the Second Amendment.
222	1	3.031	Adam Schiff's sister Melissa was married to George Soros's son, Robert.	Maine's House Democrats voted to allow female genital mutilation.
225	2	2.092	Adam Schiff's sister Melissa was married to George Soros's son, Robert.	U.S. President Donald Trump has been awarded the 2018 Nobel Peace Prize.
227	1	0.069	Adam Schiff's sister Melissa was married to George Soros's son, Robert.	Virginia congressional candidate Nathan Larson admitted that he is a pedophile.
248	1	0.880	A video shows President Trump's hair getting blown in the wind.	President Trump's daughter Ivanka has been fired from her position at the White House.
251	4	0.359	A video shows President Trump's hair getting blown in the wind.	A photograph shows President Donald Trump with his wife Melania Trump and his alleged mistress Stormy Daniels.
257	1	0.285	A video shows President Trump's hair getting blown in the wind.	YETI told the NRA the brand no longer wishes to do business with the organization, demonstrating that YETI does not support the Second Amendment.
260	15	0.377	A video shows President Trump's hair getting blown in the wind.	U.S. President Donald Trump has been awarded the 2018 Nobel Peace Prize.
263	8	0.945	A video shows President Trump's hair getting blown in the wind.	Virginia congressional candidate Nathan Larson admitted that he is a pedophile.
301	1	0.458	An image shows Nancy Pelosi's mansion in San Francisco and the large wall that protects the estate.	YETI told the NRA the brand no longer wishes to do business with the organization, demonstrating that YETI does not support the Second Amendment.
306	1	1.736	An image shows Nancy Pelosi's mansion in San Francisco and the large wall that protects the estate.	U.S. President Donald Trump has been awarded the 2018 Nobel Peace Prize.
307	1	3.337	An image shows Nancy Pelosi's mansion in San Francisco and the large wall that protects the estate.	A Home Depot representative posted a caustic social media comment in response to a Fox News article.
308	1	-0.138	An image shows Nancy Pelosi's mansion in San Francisco and the large wall that protects the estate.	Virginia congressional candidate Nathan Larson admitted that he is a pedophile.
351	1	2.742	The FBI received a warning about about suspected killer in the Parkland, Florida, school shooting.	YETI told the NRA the brand no longer wishes to do business with the organization, demonstrating that YETI does not support the Second Amendment.
353	1	2.641	The FBI received a warning about about suspected killer in the Parkland, Florida, school shooting.	Maine's House Democrats voted to allow female genital mutilation.
357	2	2.669	The FBI received a warning about about suspected killer in the Parkland, Florida, school shooting.	U.S. President Donald Trump has been awarded the 2018 Nobel Peace Prize.
360	1	3.082	The FBI received a warning about about suspected killer in the Parkland, Florida, school shooting.	Virginia congressional candidate Nathan Larson admitted that he is a pedophile.
525	61	1.326	President Trump's daughter Ivanka has been fired from her position at the White House.	A video of President Donald Trump apparently struggling to get the words right while singing along with the national anthem proves that he doesn't know what they are.
531	77	1.056	President Trump's daughter Ivanka has been fired from her position at the White House.	A photograph shows President Donald Trump with his wife Melania Trump and his alleged mistress Stormy Daniels.
536	56	1.179	President Trump's daughter Ivanka has been fired from her position at the White House.	YETI told the NRA the brand no longer wishes to do business with the organization, demonstrating that YETI does not support the Second Amendment.
537	30	1.559	President Trump's daughter Ivanka has been fired from her position at the White House.	President Donald Trump was using an anti-Semitic slur when he called NBC host Chuck Todd "sleepy eyes."
540	131	0.909	President Trump's daughter Ivanka has been fired from her position at the White House.	U.S. President Donald Trump has been awarded the 2018 Nobel Peace Prize.
542	114	1.241	President Trump's daughter Ivanka has been fired from her position at the White House.	Virginia congressional candidate Nathan Larson admitted that he is a pedophile.
545	32	1.202	President Trump's daughter Ivanka has been fired from her position at the White House.	A Tennessee hardware store put up a sign reading "no gays allowed."
549	1	0.708	President Trump's daughter Ivanka has been fired from her position at the White House.	While greeting North Korean dignitaries during his summit meeting with Chairman Kim Jong Un, President Trump returned the military salute of a North Korean general.
551	6	1.195	President Trump's daughter Ivanka has been fired from her position at the White House.	In June 2018, members of the United Methodist Church brought church charges, including child abuse, against Attorney General Jeff Sessions.
560	1	2.034	President Trump's daughter Ivanka has been fired from her position at the White House.	Inmates at Orleans Parish Prison spent several days in flooded cells while awaiting rescue after Hurricane Katrina, and hundreds of them disappeared.
562	1	1.280	President Trump's daughter Ivanka has been fired from her position at the White House.	In a 1996 foreclosure case, Judge Martha Kavanaugh ruled against Ralph and Paula Blasey, thus providing motive for revenge for their daughter Christine against Judge Kavanaugh's son Brett, a Supreme Court nominee in 2018.
568	13	1.428	President Trump's daughter Ivanka has been fired from her position at the White House.	"We’re making (Medicare) stronger. We’re making Social Security stronger."
569	11	1.076	President Trump's daughter Ivanka has been fired from her position at the White House.	In a pair of early morning tweets, President Donald Trump rejected Puerto Rico’s official estimate of 2,975 hurricane-related deaths after Hurricane Maria and, in the process, made some false and misleading claims.
589	3	1.294	Billionaire investor and former Trump adviser Carl Icahn sold off approximately $30 million worth of stock in a steel-dependent company in the weeks leading up to the president's announcement of tariffs on steel imports.	A photograph shows President Donald Trump with his wife Melania Trump and his alleged mistress Stormy Daniels.
610	4	1.146	Billionaire investor and former Trump adviser Carl Icahn sold off approximately $30 million worth of stock in a steel-dependent company in the weeks leading up to the president's announcement of tariffs on steel imports.	U.S. President Donald Trump has been awarded the 2018 Nobel Peace Prize.
618	3	1.318	Billionaire investor and former Trump adviser Carl Icahn sold off approximately $30 million worth of stock in a steel-dependent company in the weeks leading up to the president's announcement of tariffs on steel imports.	Virginia congressional candidate Nathan Larson admitted that he is a pedophile.
720	2	1.256	Tee markers emblazoned with the U.S. presidential seal were manufactured for and installed at a golf course owned by the Trump Organization.	For many months, President Donald Trump, his White House staff and his personal attorneys, Michael Cohen and Rudy Giuliani, repeatedly made false, misleading and contradictory statements about illegal payments that were made during the 2016 campaign to silence two women who claimed to have extramarital affairs with Trump.
722	19	1.405	Tee markers emblazoned with the U.S. presidential seal were manufactured for and installed at a golf course owned by the Trump Organization.	A video of President Donald Trump apparently struggling to get the words right while singing along with the national anthem proves that he doesn't know what they are.
730	23	1.271	Tee markers emblazoned with the U.S. presidential seal were manufactured for and installed at a golf course owned by the Trump Organization.	President Trump's daughter Ivanka has been fired from her position at the White House.
732	2	0.687	Tee markers emblazoned with the U.S. presidential seal were manufactured for and installed at a golf course owned by the Trump Organization.	Billionaire investor and former Trump adviser Carl Icahn sold off approximately $30 million worth of stock in a steel-dependent company in the weeks leading up to the president's announcement of tariffs on steel imports.
736	21	1.398	Tee markers emblazoned with the U.S. presidential seal were manufactured for and installed at a golf course owned by the Trump Organization.	President Obama congratulated Vladimir Putin for Russia's election results in 2012, a diplomatic move for which President Trump was criticized in 2018.
738	41	1.086	Tee markers emblazoned with the U.S. presidential seal were manufactured for and installed at a golf course owned by the Trump Organization.	A photograph shows President Donald Trump with his wife Melania Trump and his alleged mistress Stormy Daniels.
747	3	1.016	Tee markers emblazoned with the U.S. presidential seal were manufactured for and installed at a golf course owned by the Trump Organization.	One of Vice President Mike Pence's older brothers, Ed Pence, is an executive at Cummins Inc., a company that manufactures engines for the Russian military and has also used lobbying firms connected with Paul Manafort, indicating that Mike Pence may have compromising ties to Russia.
750	38	1.203	Tee markers emblazoned with the U.S. presidential seal were manufactured for and installed at a golf course owned by the Trump Organization.	YETI told the NRA the brand no longer wishes to do business with the organization, demonstrating that YETI does not support the Second Amendment.
751	26	1.347	Tee markers emblazoned with the U.S. presidential seal were manufactured for and installed at a golf course owned by the Trump Organization.	President Donald Trump was using an anti-Semitic slur when he called NBC host Chuck Todd "sleepy eyes."
754	17	1.320	Tee markers emblazoned with the U.S. presidential seal were manufactured for and installed at a golf course owned by the Trump Organization.	The Westmoreland News ran a KKK ad on the front page of their newspaper in April 2018.
756	3	0.601	Tee markers emblazoned with the U.S. presidential seal were manufactured for and installed at a golf course owned by the Trump Organization.	Hillary Clinton was killed during an FBI raid on the Clintons' New York home.
758	3	0.897	Tee markers emblazoned with the U.S. presidential seal were manufactured for and installed at a golf course owned by the Trump Organization.	Republican candidate for U.S. Senate in California, Patrick Little, has expressed anti-semitic views, including calling for a United States "free from Jews."
759	74	1.077	Tee markers emblazoned with the U.S. presidential seal were manufactured for and installed at a golf course owned by the Trump Organization.	U.S. President Donald Trump has been awarded the 2018 Nobel Peace Prize.
764	15	1.149	Tee markers emblazoned with the U.S. presidential seal were manufactured for and installed at a golf course owned by the Trump Organization.	Sarah Huckabee Sanders has lost the confidence of the President and will be replaced.
766	3	1.029	Tee markers emblazoned with the U.S. presidential seal were manufactured for and installed at a golf course owned by the Trump Organization.	The U.S. government lost track of some 1,475 immigrant children who were placed in sponsor homes.
768	50	1.232	Tee markers emblazoned with the U.S. presidential seal were manufactured for and installed at a golf course owned by the Trump Organization.	Virginia congressional candidate Nathan Larson admitted that he is a pedophile.
770	38	1.435	Tee markers emblazoned with the U.S. presidential seal were manufactured for and installed at a golf course owned by the Trump Organization.	In June 2018, Ivanka Trump adopted the alias "Adrienne Vittadini" to market her fashion line to unwitting buyers.
773	25	1.303	Tee markers emblazoned with the U.S. presidential seal were manufactured for and installed at a golf course owned by the Trump Organization.	A Tennessee hardware store put up a sign reading "no gays allowed."
775	1	0.785	Tee markers emblazoned with the U.S. presidential seal were manufactured for and installed at a golf course owned by the Trump Organization.	As of May 2018, there were more than 10,000 unaccompanied children in United States government immigration detention centers.
781	7	1.119	Tee markers emblazoned with the U.S. presidential seal were manufactured for and installed at a golf course owned by the Trump Organization.	A "law to separate families" was enacted prior to April 2018, and the federal government is powerless not to enforce it.
783	1	1.705	Tee markers emblazoned with the U.S. presidential seal were manufactured for and installed at a golf course owned by the Trump Organization.	In June 2018, members of the United Methodist Church brought church charges, including child abuse, against Attorney General Jeff Sessions.
784	3	1.524	Tee markers emblazoned with the U.S. presidential seal were manufactured for and installed at a golf course owned by the Trump Organization.	The Trump administration is paying Southwest Key $458 million to run immigrant child detention centers, and its CEO earns a $1.5 million salary.
785	2	1.784	Tee markers emblazoned with the U.S. presidential seal were manufactured for and installed at a golf course owned by the Trump Organization.	Stephen Miller — a principal architect of the Trump administration’s immigration policy — is the descendant of asylum seekers who escaped anti-Jewish persecution in Eastern Europe.
810	3	0.841	Tee markers emblazoned with the U.S. presidential seal were manufactured for and installed at a golf course owned by the Trump Organization.	"We’re making (Medicare) stronger. We’re making Social Security stronger."
813	4	0.796	Tee markers emblazoned with the U.S. presidential seal were manufactured for and installed at a golf course owned by the Trump Organization.	In a pair of early morning tweets, President Donald Trump rejected Puerto Rico’s official estimate of 2,975 hurricane-related deaths after Hurricane Maria and, in the process, made some false and misleading claims.
856	1	0.147	A federal appeals court has ordered that Barack Obama repay $400 million to the American people.	Michelle Obama, as First Lady, never placed her hand on her heart during the national anthem.
858	1	0.622	A federal appeals court has ordered that Barack Obama repay $400 million to the American people.	A photograph shows President Barack Obama bowing to Iran's supreme leader Ali Khamenei.
859	1	-0.119	A federal appeals court has ordered that Barack Obama repay $400 million to the American people.	Sarah Huckabee Sanders has lost the confidence of the President and will be replaced.
863	2	1.107	A federal appeals court has ordered that Barack Obama repay $400 million to the American people.	Virginia congressional candidate Nathan Larson admitted that he is a pedophile.
925	1	0.174	An Ohio high school student was suspended for not participating in a walkout protest over gun violence.	YETI told the NRA the brand no longer wishes to do business with the organization, demonstrating that YETI does not support the Second Amendment.
931	2	1.386	An Ohio high school student was suspended for not participating in a walkout protest over gun violence.	U.S. President Donald Trump has been awarded the 2018 Nobel Peace Prize.
934	1	-0.081	An Ohio high school student was suspended for not participating in a walkout protest over gun violence.	Virginia congressional candidate Nathan Larson admitted that he is a pedophile.
984	4	1.813	President Obama congratulated Vladimir Putin for Russia's election results in 2012, a diplomatic move for which President Trump was criticized in 2018.	A video of President Donald Trump apparently struggling to get the words right while singing along with the national anthem proves that he doesn't know what they are.
990	7	1.774	President Obama congratulated Vladimir Putin for Russia's election results in 2012, a diplomatic move for which President Trump was criticized in 2018.	President Trump's daughter Ivanka has been fired from her position at the White House.
994	24	1.094	President Obama congratulated Vladimir Putin for Russia's election results in 2012, a diplomatic move for which President Trump was criticized in 2018.	A photograph shows President Donald Trump with his wife Melania Trump and his alleged mistress Stormy Daniels.
1005	7	1.216	President Obama congratulated Vladimir Putin for Russia's election results in 2012, a diplomatic move for which President Trump was criticized in 2018.	YETI told the NRA the brand no longer wishes to do business with the organization, demonstrating that YETI does not support the Second Amendment.
1006	6	1.511	President Obama congratulated Vladimir Putin for Russia's election results in 2012, a diplomatic move for which President Trump was criticized in 2018.	President Donald Trump was using an anti-Semitic slur when he called NBC host Chuck Todd "sleepy eyes."
1014	22	0.998	President Obama congratulated Vladimir Putin for Russia's election results in 2012, a diplomatic move for which President Trump was criticized in 2018.	U.S. President Donald Trump has been awarded the 2018 Nobel Peace Prize.
1021	15	1.553	President Obama congratulated Vladimir Putin for Russia's election results in 2012, a diplomatic move for which President Trump was criticized in 2018.	Virginia congressional candidate Nathan Larson admitted that he is a pedophile.
1025	2	1.216	President Obama congratulated Vladimir Putin for Russia's election results in 2012, a diplomatic move for which President Trump was criticized in 2018.	A Tennessee hardware store put up a sign reading "no gays allowed."
1133	38	1.292	A photograph shows President Donald Trump with his wife Melania Trump and his alleged mistress Stormy Daniels.	President Donald Trump was using an anti-Semitic slur when he called NBC host Chuck Todd "sleepy eyes."
1294	4	0.576	David Hogg gave a Nazi salute at the end of his "March for Our Lives" speech.	A photograph shows President Donald Trump with his wife Melania Trump and his alleged mistress Stormy Daniels.
1307	2	0.465	David Hogg gave a Nazi salute at the end of his "March for Our Lives" speech.	YETI told the NRA the brand no longer wishes to do business with the organization, demonstrating that YETI does not support the Second Amendment.
1316	5	-0.024	David Hogg gave a Nazi salute at the end of his "March for Our Lives" speech.	U.S. President Donald Trump has been awarded the 2018 Nobel Peace Prize.
1329	3	0.414	David Hogg gave a Nazi salute at the end of his "March for Our Lives" speech.	Virginia congressional candidate Nathan Larson admitted that he is a pedophile.
1414	2	1.125	Roseanne Barr posed as Hitler for an issue of satirical Jewish magazine 'Heeb.'	President Trump's daughter Ivanka has been fired from her position at the White House.
1417	2	0.639	Roseanne Barr posed as Hitler for an issue of satirical Jewish magazine 'Heeb.'	A photograph shows President Donald Trump with his wife Melania Trump and his alleged mistress Stormy Daniels.
1426	2	0.397	Roseanne Barr posed as Hitler for an issue of satirical Jewish magazine 'Heeb.'	YETI told the NRA the brand no longer wishes to do business with the organization, demonstrating that YETI does not support the Second Amendment.
1432	4	0.910	Roseanne Barr posed as Hitler for an issue of satirical Jewish magazine 'Heeb.'	U.S. President Donald Trump has been awarded the 2018 Nobel Peace Prize.
1641	2	1.673	One of Vice President Mike Pence's older brothers, Ed Pence, is an executive at Cummins Inc., a company that manufactures engines for the Russian military and has also used lobbying firms connected with Paul Manafort, indicating that Mike Pence may have compromising ties to Russia.	A video of President Donald Trump apparently struggling to get the words right while singing along with the national anthem proves that he doesn't know what they are.
1644	4	1.249	One of Vice President Mike Pence's older brothers, Ed Pence, is an executive at Cummins Inc., a company that manufactures engines for the Russian military and has also used lobbying firms connected with Paul Manafort, indicating that Mike Pence may have compromising ties to Russia.	President Trump's daughter Ivanka has been fired from her position at the White House.
1647	13	1.116	One of Vice President Mike Pence's older brothers, Ed Pence, is an executive at Cummins Inc., a company that manufactures engines for the Russian military and has also used lobbying firms connected with Paul Manafort, indicating that Mike Pence may have compromising ties to Russia.	A photograph shows President Donald Trump with his wife Melania Trump and his alleged mistress Stormy Daniels.
1655	9	0.930	One of Vice President Mike Pence's older brothers, Ed Pence, is an executive at Cummins Inc., a company that manufactures engines for the Russian military and has also used lobbying firms connected with Paul Manafort, indicating that Mike Pence may have compromising ties to Russia.	YETI told the NRA the brand no longer wishes to do business with the organization, demonstrating that YETI does not support the Second Amendment.
1656	4	0.945	One of Vice President Mike Pence's older brothers, Ed Pence, is an executive at Cummins Inc., a company that manufactures engines for the Russian military and has also used lobbying firms connected with Paul Manafort, indicating that Mike Pence may have compromising ties to Russia.	President Donald Trump was using an anti-Semitic slur when he called NBC host Chuck Todd "sleepy eyes."
1661	15	1.133	One of Vice President Mike Pence's older brothers, Ed Pence, is an executive at Cummins Inc., a company that manufactures engines for the Russian military and has also used lobbying firms connected with Paul Manafort, indicating that Mike Pence may have compromising ties to Russia.	U.S. President Donald Trump has been awarded the 2018 Nobel Peace Prize.
1664	11	1.752	One of Vice President Mike Pence's older brothers, Ed Pence, is an executive at Cummins Inc., a company that manufactures engines for the Russian military and has also used lobbying firms connected with Paul Manafort, indicating that Mike Pence may have compromising ties to Russia.	Virginia congressional candidate Nathan Larson admitted that he is a pedophile.
1667	1	1.502	One of Vice President Mike Pence's older brothers, Ed Pence, is an executive at Cummins Inc., a company that manufactures engines for the Russian military and has also used lobbying firms connected with Paul Manafort, indicating that Mike Pence may have compromising ties to Russia.	A Tennessee hardware store put up a sign reading "no gays allowed."
1740	23	1.285	YETI told the NRA the brand no longer wishes to do business with the organization, demonstrating that YETI does not support the Second Amendment.	A video of President Donald Trump apparently struggling to get the words right while singing along with the national anthem proves that he doesn't know what they are.
1742	1	1.237	YETI told the NRA the brand no longer wishes to do business with the organization, demonstrating that YETI does not support the Second Amendment.	The NRA is a tax-exempt nonprofit organization.
1745	51	1.010	YETI told the NRA the brand no longer wishes to do business with the organization, demonstrating that YETI does not support the Second Amendment.	A photograph shows President Donald Trump with his wife Melania Trump and his alleged mistress Stormy Daniels.
1748	1	1.558	YETI told the NRA the brand no longer wishes to do business with the organization, demonstrating that YETI does not support the Second Amendment.	An "extreme snuff film" in which Hillary Clinton and aide Huma Abedin are seen raping and mutilating a prepubescent girl is circulating on the dark web under the code name "Frazzledrip."
1752	24	1.298	YETI told the NRA the brand no longer wishes to do business with the organization, demonstrating that YETI does not support the Second Amendment.	President Donald Trump was using an anti-Semitic slur when he called NBC host Chuck Todd "sleepy eyes."
1753	6	2.457	YETI told the NRA the brand no longer wishes to do business with the organization, demonstrating that YETI does not support the Second Amendment.	Maine's House Democrats voted to allow female genital mutilation.
1755	142	0.197	YETI told the NRA the brand no longer wishes to do business with the organization, demonstrating that YETI does not support the Second Amendment.	U.S. President Donald Trump has been awarded the 2018 Nobel Peace Prize.
1757	88	1.002	YETI told the NRA the brand no longer wishes to do business with the organization, demonstrating that YETI does not support the Second Amendment.	Virginia congressional candidate Nathan Larson admitted that he is a pedophile.
1760	20	0.834	YETI told the NRA the brand no longer wishes to do business with the organization, demonstrating that YETI does not support the Second Amendment.	A Tennessee hardware store put up a sign reading "no gays allowed."
1767	1	1.286	YETI told the NRA the brand no longer wishes to do business with the organization, demonstrating that YETI does not support the Second Amendment.	In June 2018, members of the United Methodist Church brought church charges, including child abuse, against Attorney General Jeff Sessions.
1782	2	2.294	YETI told the NRA the brand no longer wishes to do business with the organization, demonstrating that YETI does not support the Second Amendment.	Kavanaugh accuser Julie Swetnick has a restraining order against her from an ex-boyfriend.
1784	2	1.690	YETI told the NRA the brand no longer wishes to do business with the organization, demonstrating that YETI does not support the Second Amendment.	"We’re making (Medicare) stronger. We’re making Social Security stronger."
1785	8	0.935	YETI told the NRA the brand no longer wishes to do business with the organization, demonstrating that YETI does not support the Second Amendment.	In a pair of early morning tweets, President Donald Trump rejected Puerto Rico’s official estimate of 2,975 hurricane-related deaths after Hurricane Maria and, in the process, made some false and misleading claims.
1787	1	2.497	Maine's House Democrats voted to allow female genital mutilation.	An "extreme snuff film" in which Hillary Clinton and aide Huma Abedin are seen raping and mutilating a prepubescent girl is circulating on the dark web under the code name "Frazzledrip."
1791	1	2.613	Maine's House Democrats voted to allow female genital mutilation.	A Tennessee hardware store put up a sign reading "no gays allowed."
1822	1	1.206	Hillary Clinton used a hammer to smash her mobile phone during an FBI investigation.	YETI told the NRA the brand no longer wishes to do business with the organization, demonstrating that YETI does not support the Second Amendment.
1824	2	2.140	Hillary Clinton used a hammer to smash her mobile phone during an FBI investigation.	Maine's House Democrats voted to allow female genital mutilation.
1829	6	1.587	Hillary Clinton used a hammer to smash her mobile phone during an FBI investigation.	U.S. President Donald Trump has been awarded the 2018 Nobel Peace Prize.
1834	1	1.932	Hillary Clinton used a hammer to smash her mobile phone during an FBI investigation.	A Home Depot representative posted a caustic social media comment in response to a Fox News article.
1835	1	0.332	Hillary Clinton used a hammer to smash her mobile phone during an FBI investigation.	Virginia congressional candidate Nathan Larson admitted that he is a pedophile.
1873	10	1.693	The Westmoreland News ran a KKK ad on the front page of their newspaper in April 2018.	A video of President Donald Trump apparently struggling to get the words right while singing along with the national anthem proves that he doesn't know what they are.
1877	13	1.286	The Westmoreland News ran a KKK ad on the front page of their newspaper in April 2018.	President Trump's daughter Ivanka has been fired from her position at the White House.
1879	24	1.421	The Westmoreland News ran a KKK ad on the front page of their newspaper in April 2018.	A photograph shows President Donald Trump with his wife Melania Trump and his alleged mistress Stormy Daniels.
1886	22	1.197	The Westmoreland News ran a KKK ad on the front page of their newspaper in April 2018.	YETI told the NRA the brand no longer wishes to do business with the organization, demonstrating that YETI does not support the Second Amendment.
1887	24	1.233	The Westmoreland News ran a KKK ad on the front page of their newspaper in April 2018.	President Donald Trump was using an anti-Semitic slur when he called NBC host Chuck Todd "sleepy eyes."
1891	28	1.232	The Westmoreland News ran a KKK ad on the front page of their newspaper in April 2018.	U.S. President Donald Trump has been awarded the 2018 Nobel Peace Prize.
1894	23	1.571	The Westmoreland News ran a KKK ad on the front page of their newspaper in April 2018.	Virginia congressional candidate Nathan Larson admitted that he is a pedophile.
1897	14	1.414	The Westmoreland News ran a KKK ad on the front page of their newspaper in April 2018.	A Tennessee hardware store put up a sign reading "no gays allowed."
1961	3	0.701	Hillary Clinton was killed during an FBI raid on the Clintons' New York home.	A photograph shows President Donald Trump with his wife Melania Trump and his alleged mistress Stormy Daniels.
1976	1	0.233	Hillary Clinton was killed during an FBI raid on the Clintons' New York home.	The Westmoreland News ran a KKK ad on the front page of their newspaper in April 2018.
1980	7	0.558	Hillary Clinton was killed during an FBI raid on the Clintons' New York home.	U.S. President Donald Trump has been awarded the 2018 Nobel Peace Prize.
1986	7	1.039	Hillary Clinton was killed during an FBI raid on the Clintons' New York home.	Virginia congressional candidate Nathan Larson admitted that he is a pedophile.
2037	1	2.170	The National Rifle Association banned attendees from carrying firearms into their "2018 Leadership Forum" in Dallas, Texas.	U.S. President Donald Trump has been awarded the 2018 Nobel Peace Prize.
2062	1	1.081	Republican candidate for U.S. Senate in California, Patrick Little, has expressed anti-semitic views, including calling for a United States "free from Jews."	President Trump's daughter Ivanka has been fired from her position at the White House.
2066	4	1.029	Republican candidate for U.S. Senate in California, Patrick Little, has expressed anti-semitic views, including calling for a United States "free from Jews."	A photograph shows President Donald Trump with his wife Melania Trump and his alleged mistress Stormy Daniels.
2076	7	0.974	Republican candidate for U.S. Senate in California, Patrick Little, has expressed anti-semitic views, including calling for a United States "free from Jews."	YETI told the NRA the brand no longer wishes to do business with the organization, demonstrating that YETI does not support the Second Amendment.
2081	4	0.803	Republican candidate for U.S. Senate in California, Patrick Little, has expressed anti-semitic views, including calling for a United States "free from Jews."	U.S. President Donald Trump has been awarded the 2018 Nobel Peace Prize.
2087	3	1.293	Republican candidate for U.S. Senate in California, Patrick Little, has expressed anti-semitic views, including calling for a United States "free from Jews."	Virginia congressional candidate Nathan Larson admitted that he is a pedophile.
2129	1	1.136	U.S. President Donald Trump has been awarded the 2018 Nobel Peace Prize.	The NRA is a tax-exempt nonprofit organization.
2131	136	0.666	U.S. President Donald Trump has been awarded the 2018 Nobel Peace Prize.	A photograph shows President Donald Trump with his wife Melania Trump and his alleged mistress Stormy Daniels.
2133	4	2.157	U.S. President Donald Trump has been awarded the 2018 Nobel Peace Prize.	An "extreme snuff film" in which Hillary Clinton and aide Huma Abedin are seen raping and mutilating a prepubescent girl is circulating on the dark web under the code name "Frazzledrip."
2136	54	1.008	U.S. President Donald Trump has been awarded the 2018 Nobel Peace Prize.	President Donald Trump was using an anti-Semitic slur when he called NBC host Chuck Todd "sleepy eyes."
2137	17	2.649	U.S. President Donald Trump has been awarded the 2018 Nobel Peace Prize.	Maine's House Democrats voted to allow female genital mutilation.
2138	1	0.197	U.S. President Donald Trump has been awarded the 2018 Nobel Peace Prize.	Michelle Obama, as First Lady, never placed her hand on her heart during the national anthem.
2139	112	0.600	U.S. President Donald Trump has been awarded the 2018 Nobel Peace Prize.	Virginia congressional candidate Nathan Larson admitted that he is a pedophile.
2140	3	1.766	U.S. President Donald Trump has been awarded the 2018 Nobel Peace Prize.	A revealing photograph shows President Obama with current and future FBI directors.
2142	53	0.561	U.S. President Donald Trump has been awarded the 2018 Nobel Peace Prize.	A Tennessee hardware store put up a sign reading "no gays allowed."
2143	2	0.435	U.S. President Donald Trump has been awarded the 2018 Nobel Peace Prize.	As of May 2018, there were more than 10,000 unaccompanied children in United States government immigration detention centers.
2144	2	0.931	U.S. President Donald Trump has been awarded the 2018 Nobel Peace Prize.	Rep. Steve King (R-Iowa) retweeted a post by a known white supremacist.
2146	2	0.312	U.S. President Donald Trump has been awarded the 2018 Nobel Peace Prize.	The widely debated practice of separating families at the border is mandated by Public Law 107-296, which was passed by Democrats in 2002.
2147	12	0.929	U.S. President Donald Trump has been awarded the 2018 Nobel Peace Prize.	In June 2018, members of the United Methodist Church brought church charges, including child abuse, against Attorney General Jeff Sessions.
2149	9	1.339	U.S. President Donald Trump has been awarded the 2018 Nobel Peace Prize.	The Trump administration is paying Southwest Key $458 million to run immigrant child detention centers, and its CEO earns a $1.5 million salary.
2152	4	1.093	U.S. President Donald Trump has been awarded the 2018 Nobel Peace Prize.	The Republican majority in the House Appropriations Committee voted to approve an amendment allowing taxpayer-funded adoption agencies to deny services to LGBTQ families.
2154	2	0.854	U.S. President Donald Trump has been awarded the 2018 Nobel Peace Prize.	Detained immigrant children were strapped to chairs with bags over their heads.
2155	2	0.153	U.S. President Donald Trump has been awarded the 2018 Nobel Peace Prize.	In a 1996 foreclosure case, Judge Martha Kavanaugh ruled against Ralph and Paula Blasey, thus providing motive for revenge for their daughter Christine against Judge Kavanaugh's son Brett, a Supreme Court nominee in 2018.
2159	2	0.459	U.S. President Donald Trump has been awarded the 2018 Nobel Peace Prize.	Says Andrew Gillum has a "far left socialist platform."
2284	3	0.473	Melania Trump plagiarized a document from the Federal Trade Commission for her "Be Best" campaign.	A photograph shows President Donald Trump with his wife Melania Trump and his alleged mistress Stormy Daniels.
2296	1	0.275	Melania Trump plagiarized a document from the Federal Trade Commission for her "Be Best" campaign.	YETI told the NRA the brand no longer wishes to do business with the organization, demonstrating that YETI does not support the Second Amendment.
2450	1	0.216	A photograph shows President Barack Obama bowing to Iran's supreme leader Ali Khamenei.	U.S. President Donald Trump has been awarded the 2018 Nobel Peace Prize.
2490	13	1.539	Sarah Huckabee Sanders has lost the confidence of the President and will be replaced.	A video of President Donald Trump apparently struggling to get the words right while singing along with the national anthem proves that he doesn't know what they are.
2497	16	1.226	Sarah Huckabee Sanders has lost the confidence of the President and will be replaced.	President Trump's daughter Ivanka has been fired from her position at the White House.
2501	3	1.083	Sarah Huckabee Sanders has lost the confidence of the President and will be replaced.	President Obama congratulated Vladimir Putin for Russia's election results in 2012, a diplomatic move for which President Trump was criticized in 2018.
2503	29	1.006	Sarah Huckabee Sanders has lost the confidence of the President and will be replaced.	A photograph shows President Donald Trump with his wife Melania Trump and his alleged mistress Stormy Daniels.
2515	15	1.149	Sarah Huckabee Sanders has lost the confidence of the President and will be replaced.	YETI told the NRA the brand no longer wishes to do business with the organization, demonstrating that YETI does not support the Second Amendment.
2516	6	1.325	Sarah Huckabee Sanders has lost the confidence of the President and will be replaced.	President Donald Trump was using an anti-Semitic slur when he called NBC host Chuck Todd "sleepy eyes."
2519	3	0.353	Sarah Huckabee Sanders has lost the confidence of the President and will be replaced.	The Westmoreland News ran a KKK ad on the front page of their newspaper in April 2018.
2524	40	1.065	Sarah Huckabee Sanders has lost the confidence of the President and will be replaced.	U.S. President Donald Trump has been awarded the 2018 Nobel Peace Prize.
2531	30	1.366	Sarah Huckabee Sanders has lost the confidence of the President and will be replaced.	Virginia congressional candidate Nathan Larson admitted that he is a pedophile.
2535	11	1.341	Sarah Huckabee Sanders has lost the confidence of the President and will be replaced.	A Tennessee hardware store put up a sign reading "no gays allowed."
2542	4	1.037	Sarah Huckabee Sanders has lost the confidence of the President and will be replaced.	A "law to separate families" was enacted prior to April 2018, and the federal government is powerless not to enforce it.
2544	1	0.966	Sarah Huckabee Sanders has lost the confidence of the President and will be replaced.	In June 2018, members of the United Methodist Church brought church charges, including child abuse, against Attorney General Jeff Sessions.
2592	2	1.164	Sen. John McCain was referred to as "Songbird John" following his imprisonment during the Vietnam War.	President Trump's daughter Ivanka has been fired from her position at the White House.
2601	2	0.975	Sen. John McCain was referred to as "Songbird John" following his imprisonment during the Vietnam War.	A photograph shows President Donald Trump with his wife Melania Trump and his alleged mistress Stormy Daniels.
2613	1	0.571	Sen. John McCain was referred to as "Songbird John" following his imprisonment during the Vietnam War.	YETI told the NRA the brand no longer wishes to do business with the organization, demonstrating that YETI does not support the Second Amendment.
2614	1	0.191	Sen. John McCain was referred to as "Songbird John" following his imprisonment during the Vietnam War.	President Donald Trump was using an anti-Semitic slur when he called NBC host Chuck Todd "sleepy eyes."
2622	7	0.409	Sen. John McCain was referred to as "Songbird John" following his imprisonment during the Vietnam War.	U.S. President Donald Trump has been awarded the 2018 Nobel Peace Prize.
2634	6	0.881	Sen. John McCain was referred to as "Songbird John" following his imprisonment during the Vietnam War.	Virginia congressional candidate Nathan Larson admitted that he is a pedophile.
2636	1	1.386	Sen. John McCain was referred to as "Songbird John" following his imprisonment during the Vietnam War.	In June 2018, Ivanka Trump adopted the alias "Adrienne Vittadini" to market her fashion line to unwitting buyers.
2701	1	1.119	So far in 2018, the number of U.S. students killed in school shootings is greater than the number of U.S. military personnel who have been killed on active duty.	A photograph shows President Donald Trump with his wife Melania Trump and his alleged mistress Stormy Daniels.
2716	2	1.218	So far in 2018, the number of U.S. students killed in school shootings is greater than the number of U.S. military personnel who have been killed on active duty.	U.S. President Donald Trump has been awarded the 2018 Nobel Peace Prize.
2759	1	1.383	A German football club was banned from playing games outside Germany in 1934, after they failed to give a Nazi salute.	A photograph shows President Donald Trump with his wife Melania Trump and his alleged mistress Stormy Daniels.
2772	1	0.789	A German football club was banned from playing games outside Germany in 1934, after they failed to give a Nazi salute.	President Donald Trump was using an anti-Semitic slur when he called NBC host Chuck Todd "sleepy eyes."
2780	3	1.206	A German football club was banned from playing games outside Germany in 1934, after they failed to give a Nazi salute.	U.S. President Donald Trump has been awarded the 2018 Nobel Peace Prize.
2791	1	0.982	A German football club was banned from playing games outside Germany in 1934, after they failed to give a Nazi salute.	Virginia congressional candidate Nathan Larson admitted that he is a pedophile.
2846	3	0.876	The U.S. government lost track of some 1,475 immigrant children who were placed in sponsor homes.	A photograph shows President Donald Trump with his wife Melania Trump and his alleged mistress Stormy Daniels.
2858	3	0.940	The U.S. government lost track of some 1,475 immigrant children who were placed in sponsor homes.	U.S. President Donald Trump has been awarded the 2018 Nobel Peace Prize.
2983	1	-0.173	A Home Depot representative posted a caustic social media comment in response to a Fox News article.	A photograph shows President Donald Trump with his wife Melania Trump and his alleged mistress Stormy Daniels.
2988	1	2.683	A Home Depot representative posted a caustic social media comment in response to a Fox News article.	An "extreme snuff film" in which Hillary Clinton and aide Huma Abedin are seen raping and mutilating a prepubescent girl is circulating on the dark web under the code name "Frazzledrip."
2992	2	1.706	A Home Depot representative posted a caustic social media comment in response to a Fox News article.	YETI told the NRA the brand no longer wishes to do business with the organization, demonstrating that YETI does not support the Second Amendment.
2993	1	0.283	A Home Depot representative posted a caustic social media comment in response to a Fox News article.	President Donald Trump was using an anti-Semitic slur when he called NBC host Chuck Todd "sleepy eyes."
2994	1	2.877	A Home Depot representative posted a caustic social media comment in response to a Fox News article.	Maine's House Democrats voted to allow female genital mutilation.
2998	7	2.201	A Home Depot representative posted a caustic social media comment in response to a Fox News article.	U.S. President Donald Trump has been awarded the 2018 Nobel Peace Prize.
3001	1	0.611	A Home Depot representative posted a caustic social media comment in response to a Fox News article.	Virginia congressional candidate Nathan Larson admitted that he is a pedophile.
3003	1	2.752	A Home Depot representative posted a caustic social media comment in response to a Fox News article.	In May 2018 President Trump donated one-fourth of his $400,000-per-year salary to the Department of Veterans Affairs.
3021	1	3.424	A Home Depot representative posted a caustic social media comment in response to a Fox News article.	Kavanaugh accuser Julie Swetnick has a restraining order against her from an ex-boyfriend.
3027	1	1.074	Virginia congressional candidate Nathan Larson admitted that he is a pedophile.	The NRA is a tax-exempt nonprofit organization.
3029	103	1.080	Virginia congressional candidate Nathan Larson admitted that he is a pedophile.	A photograph shows President Donald Trump with his wife Melania Trump and his alleged mistress Stormy Daniels.
3031	1	2.475	Virginia congressional candidate Nathan Larson admitted that he is a pedophile.	An "extreme snuff film" in which Hillary Clinton and aide Huma Abedin are seen raping and mutilating a prepubescent girl is circulating on the dark web under the code name "Frazzledrip."
3033	42	1.405	Virginia congressional candidate Nathan Larson admitted that he is a pedophile.	President Donald Trump was using an anti-Semitic slur when he called NBC host Chuck Todd "sleepy eyes."
3034	4	2.643	Virginia congressional candidate Nathan Larson admitted that he is a pedophile.	Maine's House Democrats voted to allow female genital mutilation.
3038	30	1.063	Virginia congressional candidate Nathan Larson admitted that he is a pedophile.	A Tennessee hardware store put up a sign reading "no gays allowed."
3039	1	1.646	Virginia congressional candidate Nathan Larson admitted that he is a pedophile.	As of May 2018, there were more than 10,000 unaccompanied children in United States government immigration detention centers.
3041	2	0.665	Virginia congressional candidate Nathan Larson admitted that he is a pedophile.	The widely debated practice of separating families at the border is mandated by Public Law 107-296, which was passed by Democrats in 2002.
3042	15	1.317	Virginia congressional candidate Nathan Larson admitted that he is a pedophile.	In June 2018, members of the United Methodist Church brought church charges, including child abuse, against Attorney General Jeff Sessions.
3044	16	1.315	Virginia congressional candidate Nathan Larson admitted that he is a pedophile.	The Trump administration is paying Southwest Key $458 million to run immigrant child detention centers, and its CEO earns a $1.5 million salary.
3047	3	1.365	Virginia congressional candidate Nathan Larson admitted that he is a pedophile.	The Republican majority in the House Appropriations Committee voted to approve an amendment allowing taxpayer-funded adoption agencies to deny services to LGBTQ families.
3049	1	0.960	Virginia congressional candidate Nathan Larson admitted that he is a pedophile.	In a 1996 foreclosure case, Judge Martha Kavanaugh ruled against Ralph and Paula Blasey, thus providing motive for revenge for their daughter Christine against Judge Kavanaugh's son Brett, a Supreme Court nominee in 2018.
3053	2	0.969	Virginia congressional candidate Nathan Larson admitted that he is a pedophile.	Says Andrew Gillum has a "far left socialist platform."
3060	1	2.360	A revealing photograph shows President Obama with current and future FBI directors.	Maine's House Democrats voted to allow female genital mutilation.
3071	1	1.354	In June 2018, Ivanka Trump adopted the alias "Adrienne Vittadini" to market her fashion line to unwitting buyers.	For many months, President Donald Trump, his White House staff and his personal attorneys, Michael Cohen and Rudy Giuliani, repeatedly made false, misleading and contradictory statements about illegal payments that were made during the 2016 campaign to silence two women who claimed to have extramarital affairs with Trump.
3073	40	1.468	In June 2018, Ivanka Trump adopted the alias "Adrienne Vittadini" to market her fashion line to unwitting buyers.	A video of President Donald Trump apparently struggling to get the words right while singing along with the national anthem proves that he doesn't know what they are.
3077	5	1.323	In June 2018, Ivanka Trump adopted the alias "Adrienne Vittadini" to market her fashion line to unwitting buyers.	A video shows President Trump's hair getting blown in the wind.
3081	33	1.296	In June 2018, Ivanka Trump adopted the alias "Adrienne Vittadini" to market her fashion line to unwitting buyers.	President Trump's daughter Ivanka has been fired from her position at the White House.
3085	16	1.616	In June 2018, Ivanka Trump adopted the alias "Adrienne Vittadini" to market her fashion line to unwitting buyers.	President Obama congratulated Vladimir Putin for Russia's election results in 2012, a diplomatic move for which President Trump was criticized in 2018.
3087	43	1.196	In June 2018, Ivanka Trump adopted the alias "Adrienne Vittadini" to market her fashion line to unwitting buyers.	A photograph shows President Donald Trump with his wife Melania Trump and his alleged mistress Stormy Daniels.
3091	2	1.231	In June 2018, Ivanka Trump adopted the alias "Adrienne Vittadini" to market her fashion line to unwitting buyers.	Roseanne Barr posed as Hitler for an issue of satirical Jewish magazine 'Heeb.'
3096	7	1.141	In June 2018, Ivanka Trump adopted the alias "Adrienne Vittadini" to market her fashion line to unwitting buyers.	One of Vice President Mike Pence's older brothers, Ed Pence, is an executive at Cummins Inc., a company that manufactures engines for the Russian military and has also used lobbying firms connected with Paul Manafort, indicating that Mike Pence may have compromising ties to Russia.
3099	33	1.277	In June 2018, Ivanka Trump adopted the alias "Adrienne Vittadini" to market her fashion line to unwitting buyers.	YETI told the NRA the brand no longer wishes to do business with the organization, demonstrating that YETI does not support the Second Amendment.
3100	25	1.457	In June 2018, Ivanka Trump adopted the alias "Adrienne Vittadini" to market her fashion line to unwitting buyers.	President Donald Trump was using an anti-Semitic slur when he called NBC host Chuck Todd "sleepy eyes."
3103	15	1.511	In June 2018, Ivanka Trump adopted the alias "Adrienne Vittadini" to market her fashion line to unwitting buyers.	The Westmoreland News ran a KKK ad on the front page of their newspaper in April 2018.
3104	4	1.263	In June 2018, Ivanka Trump adopted the alias "Adrienne Vittadini" to market her fashion line to unwitting buyers.	Hillary Clinton was killed during an FBI raid on the Clintons' New York home.
3106	2	1.306	In June 2018, Ivanka Trump adopted the alias "Adrienne Vittadini" to market her fashion line to unwitting buyers.	Republican candidate for U.S. Senate in California, Patrick Little, has expressed anti-semitic views, including calling for a United States "free from Jews."
3107	91	1.138	In June 2018, Ivanka Trump adopted the alias "Adrienne Vittadini" to market her fashion line to unwitting buyers.	U.S. President Donald Trump has been awarded the 2018 Nobel Peace Prize.
3111	21	1.216	In June 2018, Ivanka Trump adopted the alias "Adrienne Vittadini" to market her fashion line to unwitting buyers.	Sarah Huckabee Sanders has lost the confidence of the President and will be replaced.
3115	71	1.295	In June 2018, Ivanka Trump adopted the alias "Adrienne Vittadini" to market her fashion line to unwitting buyers.	Virginia congressional candidate Nathan Larson admitted that he is a pedophile.
3119	22	1.438	In June 2018, Ivanka Trump adopted the alias "Adrienne Vittadini" to market her fashion line to unwitting buyers.	A Tennessee hardware store put up a sign reading "no gays allowed."
3120	1	1.604	In June 2018, Ivanka Trump adopted the alias "Adrienne Vittadini" to market her fashion line to unwitting buyers.	As of May 2018, there were more than 10,000 unaccompanied children in United States government immigration detention centers.
3125	5	0.730	In June 2018, Ivanka Trump adopted the alias "Adrienne Vittadini" to market her fashion line to unwitting buyers.	While greeting North Korean dignitaries during his summit meeting with Chairman Kim Jong Un, President Trump returned the military salute of a North Korean general.
3126	13	1.462	In June 2018, Ivanka Trump adopted the alias "Adrienne Vittadini" to market her fashion line to unwitting buyers.	A "law to separate families" was enacted prior to April 2018, and the federal government is powerless not to enforce it.
3128	14	1.629	In June 2018, Ivanka Trump adopted the alias "Adrienne Vittadini" to market her fashion line to unwitting buyers.	In June 2018, members of the United Methodist Church brought church charges, including child abuse, against Attorney General Jeff Sessions.
3129	11	1.226	In June 2018, Ivanka Trump adopted the alias "Adrienne Vittadini" to market her fashion line to unwitting buyers.	The Trump administration is paying Southwest Key $458 million to run immigrant child detention centers, and its CEO earns a $1.5 million salary.
3130	5	1.405	In June 2018, Ivanka Trump adopted the alias "Adrienne Vittadini" to market her fashion line to unwitting buyers.	Stephen Miller — a principal architect of the Trump administration’s immigration policy — is the descendant of asylum seekers who escaped anti-Jewish persecution in Eastern Europe.
3144	1	1.130	In June 2018, Ivanka Trump adopted the alias "Adrienne Vittadini" to market her fashion line to unwitting buyers.	Detained immigrant children were strapped to chairs with bags over their heads.
3149	2	0.748	In June 2018, Ivanka Trump adopted the alias "Adrienne Vittadini" to market her fashion line to unwitting buyers.	Rev. Franklin Graham said "attempted rape is not a crime" and that Brett Kavanaugh "respected" his victim by "not finishing."
3153	1	0.965	In June 2018, Ivanka Trump adopted the alias "Adrienne Vittadini" to market her fashion line to unwitting buyers.	Three people died of suffocation after sealing their home with plastic sheeting and duct tape.
3155	9	1.109	In June 2018, Ivanka Trump adopted the alias "Adrienne Vittadini" to market her fashion line to unwitting buyers.	"We’re making (Medicare) stronger. We’re making Social Security stronger."
3158	5	1.319	In June 2018, Ivanka Trump adopted the alias "Adrienne Vittadini" to market her fashion line to unwitting buyers.	In a pair of early morning tweets, President Donald Trump rejected Puerto Rico’s official estimate of 2,975 hurricane-related deaths after Hurricane Maria and, in the process, made some false and misleading claims.
3178	2	0.886	In May 2018 President Trump donated one-fourth of his $400,000-per-year salary to the Department of Veterans Affairs.	YETI told the NRA the brand no longer wishes to do business with the organization, demonstrating that YETI does not support the Second Amendment.
3184	5	1.966	In May 2018 President Trump donated one-fourth of his $400,000-per-year salary to the Department of Veterans Affairs.	U.S. President Donald Trump has been awarded the 2018 Nobel Peace Prize.
3219	3	3.158	It's now against the law in California to shower and do laundry on the same day.	Adam Schiff's sister Melissa was married to George Soros's son, Robert.
3221	3	3.049	It's now against the law in California to shower and do laundry on the same day.	An image shows Nancy Pelosi's mansion in San Francisco and the large wall that protects the estate.
3223	2	3.072	It's now against the law in California to shower and do laundry on the same day.	The FBI received a warning about about suspected killer in the Parkland, Florida, school shooting.
3242	2	2.748	It's now against the law in California to shower and do laundry on the same day.	An "extreme snuff film" in which Hillary Clinton and aide Huma Abedin are seen raping and mutilating a prepubescent girl is circulating on the dark web under the code name "Frazzledrip."
3247	17	2.711	It's now against the law in California to shower and do laundry on the same day.	YETI told the NRA the brand no longer wishes to do business with the organization, demonstrating that YETI does not support the Second Amendment.
3249	10	2.985	It's now against the law in California to shower and do laundry on the same day.	Maine's House Democrats voted to allow female genital mutilation.
3250	2	2.635	It's now against the law in California to shower and do laundry on the same day.	Hillary Clinton used a hammer to smash her mobile phone during an FBI investigation.
3254	1	2.381	It's now against the law in California to shower and do laundry on the same day.	The National Rifle Association banned attendees from carrying firearms into their "2018 Leadership Forum" in Dallas, Texas.
3256	45	2.713	It's now against the law in California to shower and do laundry on the same day.	U.S. President Donald Trump has been awarded the 2018 Nobel Peace Prize.
3265	5	3.112	It's now against the law in California to shower and do laundry on the same day.	A Home Depot representative posted a caustic social media comment in response to a Fox News article.
3266	12	2.507	It's now against the law in California to shower and do laundry on the same day.	Virginia congressional candidate Nathan Larson admitted that he is a pedophile.
3267	2	2.056	It's now against the law in California to shower and do laundry on the same day.	A revealing photograph shows President Obama with current and future FBI directors.
3269	2	2.189	It's now against the law in California to shower and do laundry on the same day.	In May 2018 President Trump donated one-fourth of his $400,000-per-year salary to the Department of Veterans Affairs.
3271	2	2.302	It's now against the law in California to shower and do laundry on the same day.	A Tennessee hardware store put up a sign reading "no gays allowed."
3275	3	2.727	It's now against the law in California to shower and do laundry on the same day.	Comedian and talk show host Bill Maher said he hopes an economic recession will occur because it's a way to get rid of President Trump."
3280	2	2.985	It's now against the law in California to shower and do laundry on the same day.	The Obama administration placed immigrant children with human traffickers.
3298	2	2.004	It's now against the law in California to shower and do laundry on the same day.	Michael Jordan resigned from the board at Nike and took his Air Jordan line of apparel with him.
3309	7	3.085	It's now against the law in California to shower and do laundry on the same day.	Kavanaugh accuser Julie Swetnick has a restraining order against her from an ex-boyfriend.
3325	27	1.118	A Tennessee hardware store put up a sign reading "no gays allowed."	A photograph shows President Donald Trump with his wife Melania Trump and his alleged mistress Stormy Daniels.
3326	8	1.181	A Tennessee hardware store put up a sign reading "no gays allowed."	President Donald Trump was using an anti-Semitic slur when he called NBC host Chuck Todd "sleepy eyes."
3352	1	1.360	As of May 2018, there were more than 10,000 unaccompanied children in United States government immigration detention centers.	A photograph shows President Donald Trump with his wife Melania Trump and his alleged mistress Stormy Daniels.
3367	2	0.055	An investigation determined that celebrity chef Anthony Bourdain was killed by Hillary Clinton operatives.	A photograph shows President Donald Trump with his wife Melania Trump and his alleged mistress Stormy Daniels.
3387	2	0.316	An investigation determined that celebrity chef Anthony Bourdain was killed by Hillary Clinton operatives.	U.S. President Donald Trump has been awarded the 2018 Nobel Peace Prize.
3537	1	2.043	Comedian and talk show host Bill Maher said he hopes an economic recession will occur because it's a way to get rid of President Trump."	YETI told the NRA the brand no longer wishes to do business with the organization, demonstrating that YETI does not support the Second Amendment.
3539	1	3.437	Comedian and talk show host Bill Maher said he hopes an economic recession will occur because it's a way to get rid of President Trump."	Maine's House Democrats voted to allow female genital mutilation.
3545	4	2.594	Comedian and talk show host Bill Maher said he hopes an economic recession will occur because it's a way to get rid of President Trump."	U.S. President Donald Trump has been awarded the 2018 Nobel Peace Prize.
3552	2	0.767	Comedian and talk show host Bill Maher said he hopes an economic recession will occur because it's a way to get rid of President Trump."	In May 2018 President Trump donated one-fourth of his $400,000-per-year salary to the Department of Veterans Affairs.
3589	2	0.967	Rep. Steve King (R-Iowa) retweeted a post by a known white supremacist.	Virginia congressional candidate Nathan Larson admitted that he is a pedophile.
3615	4	0.174	While greeting North Korean dignitaries during his summit meeting with Chairman Kim Jong Un, President Trump returned the military salute of a North Korean general.	A photograph shows President Donald Trump with his wife Melania Trump and his alleged mistress Stormy Daniels.
3619	7	0.120	While greeting North Korean dignitaries during his summit meeting with Chairman Kim Jong Un, President Trump returned the military salute of a North Korean general.	U.S. President Donald Trump has been awarded the 2018 Nobel Peace Prize.
3621	8	0.662	While greeting North Korean dignitaries during his summit meeting with Chairman Kim Jong Un, President Trump returned the military salute of a North Korean general.	Virginia congressional candidate Nathan Larson admitted that he is a pedophile.
3719	8	1.126	A "law to separate families" was enacted prior to April 2018, and the federal government is powerless not to enforce it.	A video of President Donald Trump apparently struggling to get the words right while singing along with the national anthem proves that he doesn't know what they are.
3724	10	1.086	A "law to separate families" was enacted prior to April 2018, and the federal government is powerless not to enforce it.	President Trump's daughter Ivanka has been fired from her position at the White House.
3727	20	1.157	A "law to separate families" was enacted prior to April 2018, and the federal government is powerless not to enforce it.	A photograph shows President Donald Trump with his wife Melania Trump and his alleged mistress Stormy Daniels.
3735	17	1.184	A "law to separate families" was enacted prior to April 2018, and the federal government is powerless not to enforce it.	YETI told the NRA the brand no longer wishes to do business with the organization, demonstrating that YETI does not support the Second Amendment.
3736	12	1.252	A "law to separate families" was enacted prior to April 2018, and the federal government is powerless not to enforce it.	President Donald Trump was using an anti-Semitic slur when he called NBC host Chuck Todd "sleepy eyes."
3741	17	0.946	A "law to separate families" was enacted prior to April 2018, and the federal government is powerless not to enforce it.	U.S. President Donald Trump has been awarded the 2018 Nobel Peace Prize.
3744	13	1.178	A "law to separate families" was enacted prior to April 2018, and the federal government is powerless not to enforce it.	Virginia congressional candidate Nathan Larson admitted that he is a pedophile.
3748	1	0.967	A "law to separate families" was enacted prior to April 2018, and the federal government is powerless not to enforce it.	A Tennessee hardware store put up a sign reading "no gays allowed."
3781	1	0.859	The widely debated practice of separating families at the border is mandated by Public Law 107-296, which was passed by Democrats in 2002.	A photograph shows President Donald Trump with his wife Melania Trump and his alleged mistress Stormy Daniels.
3817	1	2.450	The Obama administration placed immigrant children with human traffickers.	YETI told the NRA the brand no longer wishes to do business with the organization, demonstrating that YETI does not support the Second Amendment.
3819	1	3.368	The Obama administration placed immigrant children with human traffickers.	Maine's House Democrats voted to allow female genital mutilation.
3826	2	2.637	The Obama administration placed immigrant children with human traffickers.	U.S. President Donald Trump has been awarded the 2018 Nobel Peace Prize.
3835	1	1.322	The Obama administration placed immigrant children with human traffickers.	Virginia congressional candidate Nathan Larson admitted that he is a pedophile.
3844	1	1.086	The Obama administration placed immigrant children with human traffickers.	Comedian and talk show host Bill Maher said he hopes an economic recession will occur because it's a way to get rid of President Trump."
3882	16	1.042	In June 2018, members of the United Methodist Church brought church charges, including child abuse, against Attorney General Jeff Sessions.	A photograph shows President Donald Trump with his wife Melania Trump and his alleged mistress Stormy Daniels.
3883	2	1.518	In June 2018, members of the United Methodist Church brought church charges, including child abuse, against Attorney General Jeff Sessions.	President Donald Trump was using an anti-Semitic slur when he called NBC host Chuck Todd "sleepy eyes."
3885	4	1.690	In June 2018, members of the United Methodist Church brought church charges, including child abuse, against Attorney General Jeff Sessions.	A Tennessee hardware store put up a sign reading "no gays allowed."
3889	1	0.635	In June 2018, members of the United Methodist Church brought church charges, including child abuse, against Attorney General Jeff Sessions.	The Trump administration is paying Southwest Key $458 million to run immigrant child detention centers, and its CEO earns a $1.5 million salary.
3895	12	0.851	The Trump administration is paying Southwest Key $458 million to run immigrant child detention centers, and its CEO earns a $1.5 million salary.	A photograph shows President Donald Trump with his wife Melania Trump and his alleged mistress Stormy Daniels.
3896	7	1.071	The Trump administration is paying Southwest Key $458 million to run immigrant child detention centers, and its CEO earns a $1.5 million salary.	President Donald Trump was using an anti-Semitic slur when he called NBC host Chuck Todd "sleepy eyes."
3898	1	1.080	The Trump administration is paying Southwest Key $458 million to run immigrant child detention centers, and its CEO earns a $1.5 million salary.	A Tennessee hardware store put up a sign reading "no gays allowed."
3905	3	1.074	Stephen Miller — a principal architect of the Trump administration’s immigration policy — is the descendant of asylum seekers who escaped anti-Jewish persecution in Eastern Europe.	President Trump's daughter Ivanka has been fired from her position at the White House.
3906	4	1.088	Stephen Miller — a principal architect of the Trump administration’s immigration policy — is the descendant of asylum seekers who escaped anti-Jewish persecution in Eastern Europe.	A photograph shows President Donald Trump with his wife Melania Trump and his alleged mistress Stormy Daniels.
3912	5	1.130	Stephen Miller — a principal architect of the Trump administration’s immigration policy — is the descendant of asylum seekers who escaped anti-Jewish persecution in Eastern Europe.	YETI told the NRA the brand no longer wishes to do business with the organization, demonstrating that YETI does not support the Second Amendment.
3913	1	0.560	Stephen Miller — a principal architect of the Trump administration’s immigration policy — is the descendant of asylum seekers who escaped anti-Jewish persecution in Eastern Europe.	President Donald Trump was using an anti-Semitic slur when he called NBC host Chuck Todd "sleepy eyes."
3916	10	1.108	Stephen Miller — a principal architect of the Trump administration’s immigration policy — is the descendant of asylum seekers who escaped anti-Jewish persecution in Eastern Europe.	U.S. President Donald Trump has been awarded the 2018 Nobel Peace Prize.
3918	9	1.270	Stephen Miller — a principal architect of the Trump administration’s immigration policy — is the descendant of asylum seekers who escaped anti-Jewish persecution in Eastern Europe.	Virginia congressional candidate Nathan Larson admitted that he is a pedophile.
3921	1	1.550	Stephen Miller — a principal architect of the Trump administration’s immigration policy — is the descendant of asylum seekers who escaped anti-Jewish persecution in Eastern Europe.	A Tennessee hardware store put up a sign reading "no gays allowed."
4012	1	1.215	Undocumented immigrants have killed 63,000 U.S. citizens since 9/11.	A video of President Donald Trump apparently struggling to get the words right while singing along with the national anthem proves that he doesn't know what they are.
4019	2	1.204	Undocumented immigrants have killed 63,000 U.S. citizens since 9/11.	President Trump's daughter Ivanka has been fired from her position at the White House.
4040	1	0.716	Undocumented immigrants have killed 63,000 U.S. citizens since 9/11.	President Donald Trump was using an anti-Semitic slur when he called NBC host Chuck Todd "sleepy eyes."
4048	9	0.762	Undocumented immigrants have killed 63,000 U.S. citizens since 9/11.	U.S. President Donald Trump has been awarded the 2018 Nobel Peace Prize.
4058	7	1.093	Undocumented immigrants have killed 63,000 U.S. citizens since 9/11.	Virginia congressional candidate Nathan Larson admitted that he is a pedophile.
4410	2	1.789	The Republican majority in the House Appropriations Committee voted to approve an amendment allowing taxpayer-funded adoption agencies to deny services to LGBTQ families.	A photograph shows President Donald Trump with his wife Melania Trump and his alleged mistress Stormy Daniels.
4423	1	1.016	A Russian asbestos company placed a seal with the face of President Donald Trump on their product with the note "Approved by Donald Trump, 45th President of the United States."	U.S. President Donald Trump has been awarded the 2018 Nobel Peace Prize.
4425	1	1.192	A Russian asbestos company placed a seal with the face of President Donald Trump on their product with the note "Approved by Donald Trump, 45th President of the United States."	Virginia congressional candidate Nathan Larson admitted that he is a pedophile.
4466	2	1.490	A "Trump and Obama by the Numbers" CNN graphic showed President Trump with a higher job approval rating than President Obama.	President Trump's daughter Ivanka has been fired from her position at the White House.
4469	2	0.719	A "Trump and Obama by the Numbers" CNN graphic showed President Trump with a higher job approval rating than President Obama.	A photograph shows President Donald Trump with his wife Melania Trump and his alleged mistress Stormy Daniels.
4482	3	0.515	A "Trump and Obama by the Numbers" CNN graphic showed President Trump with a higher job approval rating than President Obama.	U.S. President Donald Trump has been awarded the 2018 Nobel Peace Prize.
4487	2	1.047	A "Trump and Obama by the Numbers" CNN graphic showed President Trump with a higher job approval rating than President Obama.	Virginia congressional candidate Nathan Larson admitted that he is a pedophile.
4495	2	0.496	A "Trump and Obama by the Numbers" CNN graphic showed President Trump with a higher job approval rating than President Obama.	A "law to separate families" was enacted prior to April 2018, and the federal government is powerless not to enforce it.
4544	2	0.891	Michael Jordan resigned from the board at Nike and took his Air Jordan line of apparel with him.	YETI told the NRA the brand no longer wishes to do business with the organization, demonstrating that YETI does not support the Second Amendment.
4546	1	3.707	Michael Jordan resigned from the board at Nike and took his Air Jordan line of apparel with him.	Maine's House Democrats voted to allow female genital mutilation.
4552	4	0.958	Michael Jordan resigned from the board at Nike and took his Air Jordan line of apparel with him.	U.S. President Donald Trump has been awarded the 2018 Nobel Peace Prize.
4677	1	0.807	Detained immigrant children were strapped to chairs with bags over their heads.	A photograph shows President Donald Trump with his wife Melania Trump and his alleged mistress Stormy Daniels.
4684	3	0.896	Detained immigrant children were strapped to chairs with bags over their heads.	Virginia congressional candidate Nathan Larson admitted that he is a pedophile.
4707	1	0.063	A photograph shows President Trump making a "fist-pumping" hand gesture at a memorial for 9/11 victims.	A photograph shows President Donald Trump with his wife Melania Trump and his alleged mistress Stormy Daniels.
4724	1	0.143	A photograph shows President Trump making a "fist-pumping" hand gesture at a memorial for 9/11 victims.	Virginia congressional candidate Nathan Larson admitted that he is a pedophile.
4765	2	1.089	Inmates at Orleans Parish Prison spent several days in flooded cells while awaiting rescue after Hurricane Katrina, and hundreds of them disappeared.	U.S. President Donald Trump has been awarded the 2018 Nobel Peace Prize.
4767	1	1.782	Inmates at Orleans Parish Prison spent several days in flooded cells while awaiting rescue after Hurricane Katrina, and hundreds of them disappeared.	Virginia congressional candidate Nathan Larson admitted that he is a pedophile.
4858	2	0.912	Rev. Franklin Graham said "attempted rape is not a crime" and that Brett Kavanaugh "respected" his victim by "not finishing."	A photograph shows President Donald Trump with his wife Melania Trump and his alleged mistress Stormy Daniels.
4868	4	0.736	Rev. Franklin Graham said "attempted rape is not a crime" and that Brett Kavanaugh "respected" his victim by "not finishing."	U.S. President Donald Trump has been awarded the 2018 Nobel Peace Prize.
4871	3	0.816	Rev. Franklin Graham said "attempted rape is not a crime" and that Brett Kavanaugh "respected" his victim by "not finishing."	Virginia congressional candidate Nathan Larson admitted that he is a pedophile.
4921	1	3.653	Kavanaugh accuser Julie Swetnick has a restraining order against her from an ex-boyfriend.	An "extreme snuff film" in which Hillary Clinton and aide Huma Abedin are seen raping and mutilating a prepubescent girl is circulating on the dark web under the code name "Frazzledrip."
4922	1	3.301	Kavanaugh accuser Julie Swetnick has a restraining order against her from an ex-boyfriend.	Maine's House Democrats voted to allow female genital mutilation.
4923	4	2.935	Kavanaugh accuser Julie Swetnick has a restraining order against her from an ex-boyfriend.	U.S. President Donald Trump has been awarded the 2018 Nobel Peace Prize.
4924	1	2.731	Kavanaugh accuser Julie Swetnick has a restraining order against her from an ex-boyfriend.	Virginia congressional candidate Nathan Larson admitted that he is a pedophile.
4925	1	3.519	Kavanaugh accuser Julie Swetnick has a restraining order against her from an ex-boyfriend.	A revealing photograph shows President Obama with current and future FBI directors.
4937	2	0.607	Three people died of suffocation after sealing their home with plastic sheeting and duct tape.	A photograph shows President Donald Trump with his wife Melania Trump and his alleged mistress Stormy Daniels.
4940	1	0.599	Three people died of suffocation after sealing their home with plastic sheeting and duct tape.	YETI told the NRA the brand no longer wishes to do business with the organization, demonstrating that YETI does not support the Second Amendment.
4943	3	0.525	Three people died of suffocation after sealing their home with plastic sheeting and duct tape.	U.S. President Donald Trump has been awarded the 2018 Nobel Peace Prize.
4946	3	1.042	Three people died of suffocation after sealing their home with plastic sheeting and duct tape.	Virginia congressional candidate Nathan Larson admitted that he is a pedophile.
4967	2	0.152	Three people died of suffocation after sealing their home with plastic sheeting and duct tape.	"We’re making (Medicare) stronger. We’re making Social Security stronger."
4995	1	-0.025	"Someone can write an article or book, totally make up stories and form a picture of a person that is literally the exact opposite of the fact, and get away with it without retribution or cost. Don’t know why Washington politicians don’t change libel laws?"	U.S. President Donald Trump has been awarded the 2018 Nobel Peace Prize.
5039	1	0.011	"Someone can write an article or book, totally make up stories and form a picture of a person that is literally the exact opposite of the fact, and get away with it without retribution or cost. Don’t know why Washington politicians don’t change libel laws?"	Three people died of suffocation after sealing their home with plastic sheeting and duct tape.
5041	1	0.069	"Someone can write an article or book, totally make up stories and form a picture of a person that is literally the exact opposite of the fact, and get away with it without retribution or cost. Don’t know why Washington politicians don’t change libel laws?"	"We’re making (Medicare) stronger. We’re making Social Security stronger."
5056	4	1.369	"We’re making (Medicare) stronger. We’re making Social Security stronger."	A video of President Donald Trump apparently struggling to get the words right while singing along with the national anthem proves that he doesn't know what they are.
5058	6	1.293	"We’re making (Medicare) stronger. We’re making Social Security stronger."	A photograph shows President Donald Trump with his wife Melania Trump and his alleged mistress Stormy Daniels.
5064	14	0.916	"We’re making (Medicare) stronger. We’re making Social Security stronger."	U.S. President Donald Trump has been awarded the 2018 Nobel Peace Prize.
5066	8	1.050	"We’re making (Medicare) stronger. We’re making Social Security stronger."	Virginia congressional candidate Nathan Larson admitted that he is a pedophile.
5092	1	1.022	Says at his confirmation hearing Brett Kavanaugh said birth control methods could be considered "abortion-inducing drugs."	A video of President Donald Trump apparently struggling to get the words right while singing along with the national anthem proves that he doesn't know what they are.
5097	1	0.944	Says at his confirmation hearing Brett Kavanaugh said birth control methods could be considered "abortion-inducing drugs."	President Trump's daughter Ivanka has been fired from her position at the White House.
5111	3	0.168	Says at his confirmation hearing Brett Kavanaugh said birth control methods could be considered "abortion-inducing drugs."	U.S. President Donald Trump has been awarded the 2018 Nobel Peace Prize.
5116	3	0.320	Says at his confirmation hearing Brett Kavanaugh said birth control methods could be considered "abortion-inducing drugs."	Virginia congressional candidate Nathan Larson admitted that he is a pedophile.
5152	1	0.037	In a pair of tweets, President Donald Trump pushed back at former President Barack Obama for taking partial credit for the post-recession economic recovery. But, in doing so, Trump got the facts wrong.	For many months, President Donald Trump, his White House staff and his personal attorneys, Michael Cohen and Rudy Giuliani, repeatedly made false, misleading and contradictory statements about illegal payments that were made during the 2016 campaign to silence two women who claimed to have extramarital affairs with Trump.
5203	1	0.141	In a pair of tweets, President Donald Trump pushed back at former President Barack Obama for taking partial credit for the post-recession economic recovery. But, in doing so, Trump got the facts wrong.	In a pair of early morning tweets, President Donald Trump rejected Puerto Rico’s official estimate of 2,975 hurricane-related deaths after Hurricane Maria and, in the process, made some false and misleading claims.
5204	1	0.122	In a pair of tweets, President Donald Trump pushed back at former President Barack Obama for taking partial credit for the post-recession economic recovery. But, in doing so, Trump got the facts wrong.	President Donald Trump on several occasions has taken credit for making Medicare “stronger.” In one instance, he said, “Medicare will be $700 billion stronger over the next decade thanks to our growth.” In fact, Medicare’s finances have worsened since he took office.
5206	5	0.903	In a pair of early morning tweets, President Donald Trump rejected Puerto Rico’s official estimate of 2,975 hurricane-related deaths after Hurricane Maria and, in the process, made some false and misleading claims.	A video of President Donald Trump apparently struggling to get the words right while singing along with the national anthem proves that he doesn't know what they are.
5209	8	0.828	In a pair of early morning tweets, President Donald Trump rejected Puerto Rico’s official estimate of 2,975 hurricane-related deaths after Hurricane Maria and, in the process, made some false and misleading claims.	A photograph shows President Donald Trump with his wife Melania Trump and his alleged mistress Stormy Daniels.
5213	1	1.163	In a pair of early morning tweets, President Donald Trump rejected Puerto Rico’s official estimate of 2,975 hurricane-related deaths after Hurricane Maria and, in the process, made some false and misleading claims.	President Donald Trump was using an anti-Semitic slur when he called NBC host Chuck Todd "sleepy eyes."
5214	10	0.705	In a pair of early morning tweets, President Donald Trump rejected Puerto Rico’s official estimate of 2,975 hurricane-related deaths after Hurricane Maria and, in the process, made some false and misleading claims.	U.S. President Donald Trump has been awarded the 2018 Nobel Peace Prize.
5216	7	1.103	In a pair of early morning tweets, President Donald Trump rejected Puerto Rico’s official estimate of 2,975 hurricane-related deaths after Hurricane Maria and, in the process, made some false and misleading claims.	Virginia congressional candidate Nathan Larson admitted that he is a pedophile.
5301	1	0.860	Says a Josh Hawley lawsuit "would take away important prescription drug coverage for seniors through Medicare and end all of the consumer protections under the ACA."	A photograph shows President Donald Trump with his wife Melania Trump and his alleged mistress Stormy Daniels.
5396	1	0.114	President Donald Trump on several occasions has taken credit for making Medicare “stronger.” In one instance, he said, “Medicare will be $700 billion stronger over the next decade thanks to our growth.” In fact, Medicare’s finances have worsened since he took office.	In a pair of early morning tweets, President Donald Trump rejected Puerto Rico’s official estimate of 2,975 hurricane-related deaths after Hurricane Maria and, in the process, made some false and misleading claims.
5514	2	0.891	"U.S. Steel just announced that they are building six new steel mills."	U.S. President Donald Trump has been awarded the 2018 Nobel Peace Prize.
5522	4	0.837	"U.S. Steel just announced that they are building six new steel mills."	Virginia congressional candidate Nathan Larson admitted that he is a pedophile.
